{"Accuracy": 0.8846625766871166, "Precision": 0.06666666666666667, "Recall": 0.09523809523809523}